Cliente,Data,Item,Valor,Parcelamento,Status,Observacao,Acerto
"Gabriel","2026-04-20","calça","100","2x","Pendente","PARCELAS:
MAIO - 
JUNHO -","Sim"
"Gabriel","3123-12-23","calça
cargo
jeans
calça
cargo","231","4x","Pago","PARCELAS:
MAIO - 
JUNHO -","Sim"
"joao","3123-12-23","calça
cargo","12","3x","Pago","PARCELAS:
MAIO - 
JUNHO -","Sim"
"carlos","3123-12-23","calça
cargo","312","À vista","Pendente","PARCELAS:
MAIO - 
JUNHO -","Não"
"cleber","0312-12-23","calça
cargo","123","À vista","Pendente","PARCELAS:
MAIO - 
JUNHO -","Não"
"vivi","2026-05-10","calça falaer","350","3x","Pendente","parcelas:
junho
julho
agosto","Não"
